ADAMS,MARIJUANA TRANSPORTATION
ASOTIN,MARIJUANA RETAILER/MEDICAL MARIJUANA ENDORSEMENT
BENTON,MARIJUANA RETAILER/MEDICAL MARIJUANA ENDORSEMENT
CHELAN,MARIJUANA RETAILER/MEDICAL MARIJUANA ENDORSEMENT
CLALLAM,MARIJUANA RETAILER/MEDICAL MARIJUANA ENDORSEMENT
CLARK,MARIJUANA TRANSPORTATION
COLUMBIA,MARIJUANA RETAILER/MEDICAL MARIJUANA ENDORSEMENT
COWLITZ,MARIJUANA TRANSPORTATION
DOUGLAS,MARIJUANA RETAILER/MEDICAL MARIJUANA ENDORSEMENT
FERRY,MARIJUANA RETAILER/MEDICAL MARIJUANA ENDORSEMENT
FRANKLIN,MARIJUANA RETAILER/MEDICAL MARIJUANA ENDORSEMENT
GRANT,MARIJUANA TRANSPORTATION
GRAYS HARBOR,MARIJUANA RETAILER/MEDICAL MARIJUANA ENDORSEMENT
ISLAND,MARIJUANA RETAILER/MEDICAL MARIJUANA ENDORSEMENT
JEFFERSON,MARIJUANA RETAILER/MEDICAL MARIJUANA ENDORSEMENT
KING,MARIJUANA TRANSPORTATION
KITSAP,MARIJUANA RETAILER/MEDICAL MARIJUANA ENDORSEMENT
KITTITAS,MARIJUANA TRANSPORTATION
KLICKITAT,MARIJUANA RETAILER/MEDICAL MARIJUANA ENDORSEMENT
LEWIS,MARIJUANA RETAILER/MEDICAL MARIJUANA ENDORSEMENT
LINCOLN,MARIJUANA RETAILER/MEDICAL MARIJUANA ENDORSEMENT
MASON,MARIJUANA RETAILER/MEDICAL MARIJUANA ENDORSEMENT
OKANOGAN,MARIJUANA TRANSPORTATION
PACIFIC,MARIJUANA RETAILER/MEDICAL MARIJUANA ENDORSEMENT
PEND OREILLE,MARIJUANA RETAILER/MEDICAL MARIJUANA ENDORSEMENT
PIERCE,MARIJUANA TRANSPORTATION
SAN JUAN,MARIJUANA RETAILER/MEDICAL MARIJUANA ENDORSEMENT
SKAGIT,MARIJUANA RETAILER/MEDICAL MARIJUANA ENDORSEMENT
SKAMANIA,MARIJUANA RETAILER/MEDICAL MARIJUANA ENDORSEMENT
SNOHOMISH,MARIJUANA TRANSPORTATION
SPOKANE,MARIJUANA TRANSPORTATION
STEVENS,MARIJUANA RETAILER/MEDICAL MARIJUANA ENDORSEMENT
THURSTON,MARIJUANA RETAILER/MEDICAL MARIJUANA ENDORSEMENT
WAHKIAKUM,MARIJUANA RETAILER/MEDICAL MARIJUANA ENDORSEMENT
WALLA WALLA,MARIJUANA RETAILER/MEDICAL MARIJUANA ENDORSEMENT
WHATCOM,MARIJUANA TRANSPORTATION
WHITMAN,MARIJUANA RETAILER/MEDICAL MARIJUANA ENDORSEMENT
YAKIMA,MARIJUANA RETAILER/MEDICAL MARIJUANA ENDORSEMENT
